class,log loss
0,1.2790809923236446
1,0.4221219192411759
2,0.9079413071319047
3,1.3219489588848188
4,0.16675968638462535
5,0.1824304195263291
6,1.10676621331268
7,0.30869110103208774
8,0.4305546730333186
