class,log loss
0,1.284538918857705
1,0.4159890047968422
2,0.9079223590213581
3,1.31758634443914
4,0.16277870368004194
5,0.17780764363407423
6,1.0972500074772493
7,0.3072364280666959
8,0.4299205589801654
