class,log loss
0,1.295472066585779
1,0.4181042516510161
2,0.910883931154759
3,1.3197433517620654
4,0.158660470636849
5,0.18309951054093346
6,1.117318341645895
7,0.30506290541681325
8,0.4359862607527799
