class,log loss
0,1.3662564092908276
1,0.4633258054155264
2,1.0035548036340425
3,1.4269687616678302
4,0.168319087874787
5,0.20103768656920584
6,1.153931993221676
7,0.28761479886653346
8,0.4275755443681255
