class,log loss
0,7.420970553153594
1,1.2502707404287854
2,4.0168285825861645
3,9.925196391336458
4,0.5073628726509031
5,1.0143587868780048
6,6.199748210608256
7,1.4233335108370917
8,1.0743040089246338
