class,log loss
0,1.7018586687310702
1,0.580440240073714
2,1.1779483280210918
3,1.9055462958999336
4,0.2890041773835848
5,0.24118021136793677
6,1.2517466678259013
7,0.386477623411012
8,0.5044107145667894
