class,log loss
0,1.5472919478838443
1,0.542584578686939
2,1.0991268266517376
3,1.6882024804552571
4,0.2390465792523789
5,0.22866481645800382
6,1.1133627674270328
7,0.3409677177328947
8,0.4665277099099366
