class,log loss
0,1.51502253531239
1,0.5302032390694402
2,1.080400580766834
3,1.6208595619046862
4,0.21319540922029448
5,0.2259178621593283
6,1.0845861870784563
7,0.3309939852348584
8,0.4570005512835594
