class,log loss
0,1.481708125464375
1,0.5250380227990709
2,1.0740154773896977
3,1.599751202408133
4,0.2031086046295525
5,0.22381462497613416
6,1.0696291889139682
7,0.32599020977235327
8,0.45519059569710163
