class,log loss
0,1.418919255600465
1,0.5118225594273316
2,1.053014486647242
3,1.5358507572149724
4,0.1782150514964723
5,0.22012354987942295
6,1.040723626841005
7,0.31260422815677763
8,0.4403648749563665
