class,log loss
0,1.3606061457871892
1,0.49509529142461906
2,1.0262451610527312
3,1.4815814081487833
4,0.15972431523769473
5,0.2147539962615735
6,1.0074991928938595
7,0.3024677844668031
8,0.4329919353245987
