class,log loss
0,1.5606463064051657
1,0.5432019749193691
2,1.0949733396040733
3,1.6396819571897001
4,0.2324417053846578
5,0.2439660937247168
6,1.1243424984828458
7,0.3301714605000226
8,0.4602652508079963
