class,log loss
0,1.6434437481864566
1,0.5628750314012906
2,1.133568510065125
3,1.766779143699348
4,0.2694802332205844
5,0.2564752849225442
6,1.1902268745082116
7,0.35185781095912916
8,0.4712927131458005
