class,log loss
0,1.574111410184158
1,0.47182093301957373
2,1.0185641956273357
3,1.5019839621468933
4,0.18052215608756697
5,0.2580206657433674
6,1.2330718182119345
7,0.399694581410647
8,0.5345657158949683
